Date,AUROPHARMA.NS,BIOCON.NS,CIPLA.NS,DIVISLAB.NS,DRREDDY.NS,GLENMARK.NS,LUPIN.NS,SUNPHARMA.NS,TORNTPHARM.NS,ZYDUSLIFE.NS
2021-01-01,927.75,465.75,826.5999755859375,3849.050048828125,1048.27001953125,502.6000061035156,1000.9000244140625,596.25,1397.5250244140625,478.3999938964844
2021-01-04,965.75,467.0,832.25,3862.25,1054.449951171875,514.5999755859375,1026.949951171875,604.4000244140625,1397.324951171875,486.3999938964844
2021-01-05,979.3499755859375,467.6499938964844,827.25,3842.10009765625,1057.3800048828125,517.7000122070312,1039.949951171875,603.4500122070312,1404.7249755859375,485.8500061035156
2021-01-06,968.8499755859375,459.75,824.7999877929688,3879.85009765625,1057.6600341796875,520.25,1000.5999755859375,605.2999877929688,1395.3499755859375,481.6000061035156
2021-01-07,957.4500122070312,454.79998779296875,826.5499877929688,3803.050048828125,1054.1800537109375,514.3499755859375,1022.25,601.9000244140625,1387.9749755859375,482.20001220703125
2021-01-08,945.4500122070312,465.6499938964844,838.7000122070312,3859.14990234375,1067.6500244140625,517.6500244140625,1038.800048828125,620.7999877929688,1425.949951171875,485.1499938964844
2021-01-11,965.2000122070312,471.25,856.8499755859375,3822.39990234375,1083.3599853515625,523.2999877929688,1075.5,621.0,1425.7249755859375,493.70001220703125
2021-01-12,958.25,471.75,843.1500244140625,3767.5,1070.77001953125,517.25,1060.300048828125,609.6500244140625,1416.75,490.3500061035156
2021-01-13,947.2000122070312,462.79998779296875,841.7000122070312,3719.39990234375,1058.0,514.75,1067.4000244140625,602.2999877929688,1383.324951171875,487.04998779296875
2021-01-14,959.25,466.45001220703125,840.9000244140625,3724.699951171875,1061.780029296875,520.4000244140625,1105.800048828125,607.0499877929688,1392.7750244140625,503.45001220703125
2021-01-15,936.0,457.04998779296875,823.7000122070312,3644.800048828125,1042.56005859375,512.0999755859375,1093.1500244140625,604.2999877929688,1355.8499755859375,487.79998779296875
2021-01-18,917.2999877929688,448.8999938964844,801.75,3565.300048828125,1010.4199829101562,496.25,1063.0,581.4500122070312,1322.550048828125,472.8999938964844
2021-01-19,924.25,451.6000061035156,822.4500122070312,3599.449951171875,1017.780029296875,504.3500061035156,1089.199951171875,596.5499877929688,1375.449951171875,485.20001220703125
2021-01-20,930.0,449.79998779296875,832.7999877929688,3605.699951171875,1016.1300048828125,509.0,1088.5,594.7000122070312,1361.074951171875,486.20001220703125
2021-01-21,902.25,441.95001220703125,812.75,3604.60009765625,1010.4400024414062,497.1499938964844,1068.199951171875,582.9000244140625,1369.4749755859375,469.5
2021-01-22,923.7999877929688,393.75,808.2999877929688,3544.699951171875,1007.3800048828125,495.1499938964844,1079.25,575.2000122070312,1345.175048828125,460.5
2021-01-25,998.5999755859375,382.70001220703125,836.7999877929688,3569.050048828125,1016.47998046875,491.3999938964844,1081.9000244140625,586.4000244140625,1317.625,467.3999938964844
2021-01-27,959.5999755859375,377.54998779296875,842.5,3483.050048828125,981.8599853515625,485.8999938964844,1072.300048828125,569.7999877929688,1324.074951171875,462.04998779296875
2021-01-28,944.5,380.1000061035156,841.9000244140625,3429.75,974.3599853515625,480.75,1049.3499755859375,564.3499755859375,1331.925048828125,462.29998779296875
2021-01-29,905.25,371.79998779296875,825.9000244140625,3369.85009765625,920.5399780273438,471.54998779296875,1007.5999755859375,586.2000122070312,1304.074951171875,451.5
2021-02-01,921.4500122070312,379.20001220703125,806.4000244140625,3463.60009765625,885.6300048828125,479.6499938964844,988.4000244140625,590.1500244140625,1267.050048828125,455.79998779296875
2021-02-02,921.5999755859375,391.5,821.5999755859375,3548.60009765625,896.5,487.1499938964844,1032.5,609.4500122070312,1285.7750244140625,467.20001220703125
2021-02-03,920.0,401.20001220703125,849.25,3680.25,929.9099731445312,501.54998779296875,1038.8499755859375,629.2000122070312,1338.5250244140625,476.8999938964844
2021-02-04,927.1500244140625,409.8999938964844,834.4500122070312,3678.89990234375,933.5900268554688,501.54998779296875,1051.300048828125,631.5,1340.800048828125,479.20001220703125
2021-02-05,942.8499755859375,407.20001220703125,847.7000122070312,3822.449951171875,960.1799926757812,503.20001220703125,1069.8499755859375,634.75,1376.0250244140625,475.25
2021-02-08,956.9500122070312,409.0,847.25,3781.85009765625,971.9600219726562,503.1000061035156,1072.5999755859375,634.6500244140625,1378.9749755859375,473.45001220703125
2021-02-09,959.4500122070312,404.79998779296875,841.75,3722.75,968.8200073242188,501.3500061035156,1058.300048828125,623.5999755859375,1291.125,467.79998779296875
2021-02-10,967.9500122070312,408.1499938964844,863.4000244140625,3750.35009765625,964.8099975585938,507.70001220703125,1069.0999755859375,627.0999755859375,1293.050048828125,469.5
2021-02-11,935.2000122070312,406.3999938964844,859.7999877929688,3753.85009765625,965.010009765625,506.25,1060.1500244140625,643.6500244140625,1304.375,470.8500061035156
2021-02-12,929.9500122070312,408.04998779296875,848.5499877929688,3719.39990234375,958.4000244140625,504.1000061035156,1053.0,627.1500244140625,1300.925048828125,468.04998779296875
2021-02-15,932.2000122070312,407.95001220703125,844.2999877929688,3711.050048828125,941.969970703125,490.6499938964844,1058.550048828125,627.5,1303.1500244140625,466.95001220703125
2021-02-16,935.8499755859375,417.3999938964844,848.3499755859375,3686.5,939.3200073242188,503.20001220703125,1096.800048828125,631.1500244140625,1294.4000244140625,468.8999938964844
2021-02-17,922.1500244140625,418.70001220703125,835.7000122070312,3615.25,920.1099853515625,494.29998779296875,1063.4000244140625,621.25,1269.0999755859375,463.70001220703125
2021-02-18,911.7000122070312,420.1000061035156,825.4500122070312,3587.64990234375,923.3900146484375,493.54998779296875,1049.199951171875,616.0499877929688,1260.5999755859375,467.6499938964844
2021-02-19,888.5499877929688,404.0,807.3499755859375,3523.199951171875,936.2899780273438,482.25,1021.7000122070312,607.2999877929688,1248.5,452.3999938964844
2021-02-22,856.4000244140625,397.6499938964844,792.4500122070312,3496.64990234375,893.8499755859375,469.25,995.5,595.2999877929688,1225.9000244140625,434.45001220703125
2021-02-23,853.5999755859375,385.3500061035156,790.9500122070312,3448.25,899.030029296875,466.45001220703125,1010.5,604.0499877929688,1212.699951171875,430.5
2021-02-24,862.0,389.5,789.0499877929688,3480.050048828125,887.1099853515625,465.6499938964844,1008.2999877929688,601.4500122070312,1238.9000244140625,433.45001220703125
2021-02-25,863.25,397.79998779296875,809.1500244140625,3440.050048828125,896.030029296875,472.75,1024.5999755859375,609.5499877929688,1233.75,438.04998779296875
2021-02-26,855.2000122070312,390.20001220703125,787.0499877929688,3363.10009765625,885.3099975585938,466.20001220703125,1018.3499755859375,594.5999755859375,1214.0999755859375,435.20001220703125
2021-03-01,873.6500244140625,395.6499938964844,789.7999877929688,3461.550048828125,890.6799926757812,467.95001220703125,1023.1500244140625,604.4500122070312,1219.8499755859375,435.29998779296875
2021-03-02,885.9000244140625,398.0,811.7999877929688,3516.89990234375,880.9400024414062,476.0,1054.5999755859375,614.2000122070312,1235.074951171875,441.20001220703125
2021-03-03,880.5,402.70001220703125,812.5,3565.14990234375,900.510009765625,478.8500061035156,1060.949951171875,624.3499755859375,1248.675048828125,445.6000061035156
2021-03-04,874.9000244140625,399.75,806.75,3553.449951171875,915.010009765625,473.70001220703125,1048.4000244140625,618.9500122070312,1248.199951171875,449.04998779296875
2021-03-05,862.7999877929688,394.6000061035156,805.1500244140625,3496.89990234375,898.5,467.95001220703125,1033.25,611.2000122070312,1240.8499755859375,442.25
2021-03-08,862.7000122070312,393.3500061035156,809.25,3507.699951171875,898.4500122070312,487.1000061035156,1050.449951171875,614.7999877929688,1240.050048828125,446.20001220703125
2021-03-09,852.9500122070312,389.0,797.0,3503.199951171875,889.6599731445312,474.75,1031.8499755859375,612.5999755859375,1220.949951171875,443.54998779296875
2021-03-10,857.2999877929688,402.54998779296875,812.4000244140625,3528.10009765625,900.0800170898438,486.5,1057.75,626.0,1222.5999755859375,448.3999938964844
2021-03-12,848.25,400.20001220703125,805.9500122070312,3512.050048828125,885.2999877929688,478.75,1049.5,613.5999755859375,1230.5999755859375,442.5
2021-03-15,835.2999877929688,395.75,805.5,3411.0,868.4500122070312,473.54998779296875,1062.699951171875,605.5,1215.5,439.95001220703125
2021-03-16,840.9500122070312,391.70001220703125,792.2999877929688,3378.25,889.9400024414062,476.75,1053.6500244140625,602.2999877929688,1235.425048828125,439.95001220703125
2021-03-17,839.2999877929688,388.20001220703125,772.1500244140625,3378.300048828125,871.1699829101562,458.95001220703125,1020.9000244140625,584.75,1208.925048828125,429.1499938964844
2021-03-18,807.9000244140625,389.1499938964844,755.1500244140625,3272.89990234375,842.5499877929688,455.79998779296875,999.8499755859375,574.5499877929688,1183.375,419.75
2021-03-19,822.25,395.70001220703125,760.6500244140625,3370.300048828125,854.8900146484375,458.3500061035156,1005.0999755859375,578.2999877929688,1207.0999755859375,425.3999938964844
2021-03-22,835.25,402.25,772.8499755859375,3405.949951171875,870.7899780273438,460.45001220703125,1015.7000122070312,591.0,1224.550048828125,431.6499938964844
2021-03-23,846.1500244140625,400.75,776.0999755859375,3495.949951171875,874.4500122070312,465.6499938964844,1014.8499755859375,587.8499755859375,1236.925048828125,431.1499938964844
2021-03-24,855.8499755859375,402.1000061035156,792.9500122070312,3481.14990234375,870.0999755859375,459.29998779296875,1012.4000244140625,585.2999877929688,1229.5250244140625,430.95001220703125
2021-03-25,840.1500244140625,398.5,787.25,3450.199951171875,876.1099853515625,443.95001220703125,992.25,575.75,1221.875,420.20001220703125
2021-03-26,850.0499877929688,395.25,787.4500122070312,3464.949951171875,881.2000122070312,450.54998779296875,978.9500122070312,587.2000122070312,1229.875,420.20001220703125
2021-03-30,870.4000244140625,408.45001220703125,812.2000122070312,3584.25,903.6400146484375,461.8999938964844,1005.9000244140625,597.7000122070312,1264.6500244140625,434.54998779296875
2021-03-31,881.2999877929688,408.8999938964844,815.0999755859375,3622.800048828125,903.2000122070312,464.70001220703125,1020.4500122070312,597.7999877929688,1272.5250244140625,440.8999938964844
2021-04-01,881.2999877929688,410.54998779296875,818.2999877929688,3616.10009765625,917.530029296875,483.25,1027.0,610.75,1274.125,441.79998779296875
2021-04-05,882.2000122070312,406.45001220703125,819.75,3611.050048828125,911.3200073242188,479.04998779296875,1028.949951171875,608.7999877929688,1260.7750244140625,439.95001220703125
2021-04-06,892.7999877929688,414.25,836.1500244140625,3688.10009765625,923.8499755859375,507.6499938964844,1041.9000244140625,620.4500122070312,1281.449951171875,456.5
2021-04-07,905.0,414.20001220703125,840.8499755859375,3698.949951171875,938.530029296875,503.6499938964844,1034.199951171875,621.0499877929688,1288.574951171875,461.70001220703125
2021-04-08,907.4000244140625,413.25,842.0,3715.14990234375,937.8099975585938,504.8999938964844,1049.300048828125,614.25,1274.6500244140625,470.70001220703125
2021-04-09,943.7000122070312,420.29998779296875,883.0499877929688,3752.35009765625,952.0599975585938,529.6500244140625,1079.449951171875,636.75,1287.375,514.4500122070312
2021-04-12,915.2000122070312,404.29998779296875,902.4000244140625,3779.64990234375,999.3900146484375,497.95001220703125,1045.1500244140625,619.3499755859375,1277.9000244140625,499.70001220703125
2021-04-13,909.25,406.95001220703125,885.2000122070312,3718.449951171875,955.4600219726562,511.3500061035156,1036.0,627.3499755859375,1283.324951171875,489.95001220703125
2021-04-15,915.25,404.6000061035156,914.2000122070312,3783.39990234375,969.1099853515625,536.9500122070312,1050.050048828125,633.25,1282.5,504.70001220703125
2021-04-16,953.0,412.8500061035156,938.0499877929688,3821.85009765625,978.6500244140625,571.9000244140625,1055.8499755859375,646.0499877929688,1309.75,527.0999755859375
2021-04-19,965.9000244140625,406.3500061035156,946.2999877929688,3807.10009765625,993.6199951171875,578.9000244140625,1064.6500244140625,640.6500244140625,1298.0999755859375,527.1500244140625
2021-04-20,987.2999877929688,401.1499938964844,949.2999877929688,3779.699951171875,1031.3499755859375,571.5999755859375,1089.800048828125,645.1500244140625,1302.425048828125,556.25
2021-04-22,993.2000122070312,399.3500061035156,944.3499755859375,3755.25,1039.969970703125,567.0999755859375,1060.75,639.9500122070312,1288.3499755859375,552.5499877929688
2021-04-23,993.3499755859375,397.6000061035156,935.5999755859375,3779.75,1013.3400268554688,559.25,1076.25,637.9500122070312,1265.9749755859375,570.9000244140625
2021-04-26,971.2000122070312,395.5,905.4000244140625,3784.35009765625,1013.3400268554688,552.1500244140625,1062.550048828125,634.7000122070312,1255.7249755859375,569.5499877929688
2021-04-27,972.5999755859375,398.1000061035156,912.4000244140625,3908.949951171875,1011.4500122070312,561.0,1066.550048828125,639.25,1262.4000244140625,562.7999877929688
2021-04-28,963.0,390.8500061035156,910.2000122070312,3882.60009765625,1008.8900146484375,563.5999755859375,1054.75,643.4000244140625,1251.1500244140625,563.3499755859375
2021-04-29,967.2000122070312,393.8999938964844,906.5,3910.85009765625,1020.4600219726562,566.3499755859375,1055.5,644.5,1250.2249755859375,561.5
2021-04-30,980.8499755859375,379.6499938964844,910.3499755859375,4062.35009765625,1032.6199951171875,576.7999877929688,1069.5,654.4500122070312,1254.625,571.1500244140625
2021-05-03,968.75,378.5,910.2000122070312,4074.0,1037.18994140625,577.7999877929688,1072.8499755859375,659.2000122070312,1263.2750244140625,580.7999877929688
2021-05-04,956.5,373.20001220703125,878.4500122070312,3985.35009765625,1013.4500122070312,558.1500244140625,1057.949951171875,645.1500244140625,1253.0999755859375,569.1500244140625
2021-05-05,1018.0499877929688,381.29998779296875,888.6500244140625,4035.449951171875,1032.18994140625,572.9000244140625,1200.5,683.4000244140625,1312.1500244140625,601.7000122070312
2021-05-06,1009.0499877929688,379.70001220703125,884.2999877929688,4063.050048828125,1033.68994140625,570.1500244140625,1198.300048828125,679.4000244140625,1303.5250244140625,601.75
2021-05-07,1013.0499877929688,381.1499938964844,882.9000244140625,4029.10009765625,1034.93994140625,591.5,1196.550048828125,679.4500122070312,1308.0250244140625,603.2000122070312
2021-05-10,1047.949951171875,384.5,900.25,4139.2998046875,1065.510009765625,625.3499755859375,1222.550048828125,698.2000122070312,1383.4000244140625,624.0
2021-05-11,1030.9000244140625,387.6499938964844,890.9000244140625,4073.60009765625,1059.18994140625,624.75,1197.3499755859375,708.0999755859375,1357.2249755859375,629.8499755859375
2021-05-12,1017.2999877929688,385.45001220703125,898.5999755859375,4061.449951171875,1060.2900390625,623.7999877929688,1212.25,702.8499755859375,1362.925048828125,647.0
2021-05-14,1006.7000122070312,388.79998779296875,904.0499877929688,4020.550048828125,1039.3699951171875,608.2999877929688,1178.449951171875,691.4500122070312,1361.1500244140625,617.1500244140625
2021-05-17,1002.3499755859375,385.79998779296875,881.2000122070312,4043.25,1050.06005859375,604.0499877929688,1189.1500244140625,687.1500244140625,1382.824951171875,611.4000244140625
2021-05-18,1004.0999755859375,385.0,884.4000244140625,4023.949951171875,1043.0899658203125,608.5499877929688,1186.9000244140625,690.7999877929688,1361.8499755859375,604.4000244140625
2021-05-19,1017.0999755859375,386.6499938964844,903.9500122070312,4039.64990234375,1047.56005859375,614.5,1206.8499755859375,703.4000244140625,1377.199951171875,614.9500122070312
2021-05-20,1025.5,383.54998779296875,924.2000122070312,4040.800048828125,1047.260009765625,606.9500122070312,1204.300048828125,686.8499755859375,1361.6500244140625,615.75
2021-05-21,1013.1500244140625,382.5,926.9000244140625,4079.89990234375,1043.2900390625,607.25,1214.550048828125,690.4000244140625,1358.9749755859375,613.1500244140625
2021-05-24,1013.75,383.45001220703125,931.25,4097.2001953125,1054.4300537109375,605.0499877929688,1198.800048828125,690.9500122070312,1359.0250244140625,621.25
2021-05-25,1022.6500244140625,381.54998779296875,935.5999755859375,4097.85009765625,1062.239990234375,601.5499877929688,1211.050048828125,696.0999755859375,1361.8499755859375,622.5499877929688
2021-05-26,1023.3499755859375,383.04998779296875,945.1500244140625,4098.60009765625,1057.0400390625,608.4000244140625,1195.949951171875,703.7999877929688,1355.0999755859375,628.0999755859375
2021-05-27,1031.5999755859375,381.8999938964844,942.3499755859375,4079.199951171875,1053.77001953125,606.5999755859375,1203.3499755859375,699.5,1359.625,626.8499755859375
2021-05-28,1022.2000122070312,382.1499938964844,934.3499755859375,4120.25,1038.9100341796875,607.5999755859375,1208.9000244140625,669.75,1357.0250244140625,621.2999877929688
2021-05-31,997.9500122070312,388.20001220703125,949.3499755859375,4194.0,1061.8299560546875,592.5,1219.5,668.2999877929688,1370.675048828125,618.2999877929688
2021-06-01,970.2999877929688,385.8500061035156,946.4500122070312,4220.10009765625,1063.300048828125,594.7000122070312,1209.199951171875,671.0499877929688,1392.824951171875,619.4500122070312
2021-06-02,966.4500122070312,388.1000061035156,954.7000122070312,4214.25,1062.469970703125,614.7999877929688,1247.25,677.4500122070312,1397.5,627.4000244140625
2021-06-03,967.8499755859375,385.1000061035156,948.25,4232.2001953125,1056.510009765625,616.4500122070312,1232.4000244140625,675.5,1387.5999755859375,634.4000244140625
2021-06-04,959.0499877929688,384.8999938964844,946.4000244140625,4261.60009765625,1051.0,614.4000244140625,1231.5,673.9500122070312,1405.7750244140625,636.5
2021-06-07,959.5,389.04998779296875,939.7999877929688,4229.9501953125,1043.8399658203125,616.2999877929688,1233.550048828125,675.3499755859375,1412.4000244140625,636.1500244140625
2021-06-08,972.0999755859375,402.45001220703125,953.75,4241.2001953125,1054.949951171875,629.2999877929688,1236.4000244140625,678.75,1417.175048828125,634.0
2021-06-09,958.9500122070312,404.5,958.6500244140625,4267.4501953125,1044.56005859375,623.1500244140625,1219.8499755859375,672.8499755859375,1399.324951171875,636.25
2021-06-10,964.0,414.75,974.2000122070312,4372.5498046875,1058.4100341796875,633.75,1228.800048828125,676.0499877929688,1429.9000244140625,650.6500244140625
2021-06-11,1009.7999877929688,415.0,967.8499755859375,4334.5,1090.5999755859375,652.9000244140625,1230.3499755859375,681.2999877929688,1439.9000244140625,664.9500122070312
2021-06-14,994.2999877929688,412.04998779296875,976.1500244140625,4388.0498046875,1092.27001953125,643.8499755859375,1192.6500244140625,677.0999755859375,1489.875,655.4000244140625
2021-06-15,993.75,410.5,969.7000122070312,4313.0498046875,1082.1700439453125,640.9000244140625,1186.449951171875,673.2000122070312,1463.824951171875,646.0
2021-06-16,987.5999755859375,403.25,956.75,4300.7001953125,1081.219970703125,642.7000122070312,1176.8499755859375,668.5499877929688,1445.0999755859375,630.1500244140625
2021-06-17,961.7000122070312,398.6499938964844,950.9500122070312,4302.35009765625,1057.300048828125,639.5,1162.75,665.0499877929688,1476.949951171875,620.25
2021-06-18,952.4500122070312,398.95001220703125,960.9000244140625,4197.2998046875,1056.780029296875,640.4000244140625,1155.5999755859375,668.5,1448.8499755859375,620.4000244140625
2021-06-21,954.75,405.75,960.1500244140625,4229.10009765625,1056.4000244140625,641.1500244140625,1156.550048828125,671.3499755859375,1460.199951171875,629.5499877929688
2021-06-22,952.5999755859375,401.3500061035156,955.8499755859375,4288.75,1061.6700439453125,640.2999877929688,1158.949951171875,666.7999877929688,1462.4749755859375,630.0499877929688
2021-06-23,944.4000244140625,397.54998779296875,957.75,4224.60009765625,1059.8699951171875,638.9500122070312,1154.449951171875,665.25,1451.8499755859375,623.5499877929688
2021-06-24,938.2000122070312,395.20001220703125,950.9000244140625,4250.35009765625,1055.530029296875,631.25,1139.699951171875,664.7999877929688,1442.6500244140625,618.0
2021-06-25,950.3499755859375,396.95001220703125,957.0999755859375,4248.75,1061.8599853515625,646.4000244140625,1152.3499755859375,672.25,1443.125,624.0
2021-06-28,967.7999877929688,404.1499938964844,963.0499877929688,4314.39990234375,1080.8499755859375,667.0499877929688,1164.25,676.2999877929688,1468.0250244140625,642.5
2021-06-29,967.2000122070312,407.54998779296875,979.5999755859375,4356.14990234375,1086.6199951171875,655.2000122070312,1161.199951171875,677.5999755859375,1461.125,640.6500244140625
2021-06-30,965.2000122070312,404.45001220703125,971.9000244140625,4408.25,1084.6099853515625,652.5499877929688,1149.0999755859375,675.4500122070312,1450.800048828125,645.2000122070312
2021-07-01,968.0499877929688,406.1499938964844,978.0999755859375,4435.7001953125,1111.699951171875,653.1500244140625,1146.199951171875,684.1500244140625,1462.0999755859375,639.2000122070312
2021-07-02,994.2000122070312,408.04998779296875,979.2000122070312,4519.64990234375,1115.1400146484375,662.7000122070312,1160.5,681.25,1475.175048828125,639.3499755859375
2021-07-05,1002.5999755859375,403.3999938964844,974.7000122070312,4559.9501953125,1107.5799560546875,662.0999755859375,1157.9000244140625,680.2000122070312,1469.425048828125,643.9500122070312
2021-07-06,980.4000244140625,388.8500061035156,969.0999755859375,4524.2001953125,1107.8900146484375,648.4000244140625,1140.550048828125,673.25,1465.949951171875,637.4500122070312
2021-07-07,965.2000122070312,392.1000061035156,965.2000122070312,4552.5498046875,1112.4200439453125,662.5,1148.0,680.0999755859375,1474.7750244140625,638.0999755859375
2021-07-08,951.75,389.3500061035156,950.6500244140625,4510.5,1093.3499755859375,649.2000122070312,1140.0999755859375,666.9000244140625,1472.75,632.6500244140625
2021-07-09,948.7000122070312,388.54998779296875,959.7999877929688,4599.7001953125,1092.06005859375,665.2999877929688,1147.8499755859375,667.9000244140625,1502.5250244140625,640.5
2021-07-12,940.7000122070312,387.3500061035156,959.8499755859375,4588.75,1098.8599853515625,656.2000122070312,1150.75,668.5499877929688,1506.3499755859375,645.0999755859375
2021-07-13,956.9500122070312,387.79998779296875,965.6500244140625,4606.0498046875,1087.4200439453125,657.5,1165.0999755859375,683.0,1507.7249755859375,645.5999755859375
2021-07-14,962.9500122070312,399.3500061035156,977.1500244140625,4623.2001953125,1078.1700439453125,664.25,1171.800048828125,685.9500122070312,1505.824951171875,643.4000244140625
2021-07-15,955.9000244140625,403.25,973.5999755859375,4607.2998046875,1078.72998046875,655.8499755859375,1161.800048828125,683.0,1500.6500244140625,640.2000122070312
2021-07-16,975.5499877929688,409.29998779296875,977.1500244140625,4757.60009765625,1081.31005859375,687.0499877929688,1179.75,688.5999755859375,1495.375,643.8499755859375
2021-07-19,965.0999755859375,411.3999938964844,974.0,4807.4501953125,1083.8699951171875,682.5499877929688,1186.6500244140625,689.25,1484.5999755859375,639.5
2021-07-20,965.5,404.25,955.1500244140625,4787.85009765625,1068.81005859375,667.5999755859375,1174.0,676.4500122070312,1480.75,622.5
2021-07-22,972.0999755859375,403.0,949.9000244140625,4843.25,1076.9000244140625,672.2999877929688,1179.449951171875,687.2999877929688,1506.7750244140625,620.2000122070312
2021-07-23,963.7000122070312,398.1499938964844,948.0,4824.75,1084.4300537109375,649.9000244140625,1181.199951171875,694.0,1521.5999755859375,615.25
2021-07-26,952.7999877929688,389.5,950.5499877929688,4921.14990234375,1082.25,626.4000244140625,1171.75,703.4000244140625,1539.5999755859375,605.5499877929688
2021-07-27,905.4000244140625,379.54998779296875,913.0999755859375,4791.39990234375,968.6699829101562,588.75,1111.5999755859375,688.2999877929688,1501.425048828125,598.75
2021-07-28,915.0999755859375,381.70001220703125,889.9000244140625,4890.60009765625,946.3499755859375,587.6500244140625,1102.949951171875,687.7999877929688,1542.3499755859375,577.3499755859375
2021-07-29,908.25,382.54998779296875,883.0999755859375,4843.7998046875,934.530029296875,591.5999755859375,1085.9000244140625,703.0,1518.699951171875,572.0
2021-07-30,916.5999755859375,386.3500061035156,920.0499877929688,4906.10009765625,942.239990234375,607.4500122070312,1107.4000244140625,773.9500122070312,1535.550048828125,586.0999755859375
2021-08-02,918.2999877929688,390.0,921.0499877929688,4928.9501953125,940.3099975585938,605.6500244140625,1124.25,775.0,1538.175048828125,591.8499755859375
2021-08-03,916.9000244140625,389.29998779296875,928.1500244140625,5006.85009765625,944.3400268554688,604.4000244140625,1144.199951171875,794.7999877929688,1550.75,591.9500122070312
2021-08-04,906.5499877929688,385.6000061035156,939.6500244140625,4964.25,953.760009765625,595.7999877929688,1152.199951171875,785.75,1536.9000244140625,587.75
2021-08-05,908.0999755859375,384.1499938964844,945.4000244140625,4923.5498046875,956.4600219726562,599.0,1145.300048828125,786.1500244140625,1528.3499755859375,584.5999755859375
2021-08-06,901.2999877929688,383.6000061035156,911.2999877929688,4916.0,957.260009765625,596.4500122070312,1150.8499755859375,785.2000122070312,1531.9749755859375,585.7999877929688
2021-08-09,887.7000122070312,382.25,918.6500244140625,4905.7001953125,963.7000122070312,590.7999877929688,1133.699951171875,788.7999877929688,1536.75,585.9000244140625
2021-08-10,879.5,379.0,912.5999755859375,4955.0498046875,953.9500122070312,580.9500122070312,1119.9000244140625,793.3499755859375,1513.324951171875,576.4500122070312
2021-08-11,856.5,372.6499938964844,909.8499755859375,4919.10009765625,948.969970703125,578.4000244140625,1050.75,779.5499877929688,1451.0250244140625,563.75
2021-08-12,826.2000122070312,374.3999938964844,905.2999877929688,4908.85009765625,943.280029296875,570.5999755859375,975.9500122070312,778.6500244140625,1455.925048828125,544.0
2021-08-13,761.2999877929688,371.3999938964844,894.4000244140625,4948.7001953125,930.4400024414062,563.25,976.8499755859375,778.2999877929688,1481.875,558.4500122070312
2021-08-16,738.0499877929688,366.95001220703125,888.25,4898.9501953125,932.22998046875,569.3499755859375,967.5999755859375,780.7999877929688,1477.425048828125,532.0
2021-08-17,731.4500122070312,366.6000061035156,904.6500244140625,4908.35009765625,940.0999755859375,554.0,974.3499755859375,784.1500244140625,1504.0250244140625,530.1500244140625
2021-08-18,721.6500244140625,370.0,908.8499755859375,4910.4501953125,937.4099731445312,553.5999755859375,972.7999877929688,782.9000244140625,1526.125,542.7999877929688
2021-08-20,681.0999755859375,357.3500061035156,890.8499755859375,4818.7001953125,911.2000122070312,539.75,926.5999755859375,761.1500244140625,1518.050048828125,534.8499755859375
2021-08-23,682.9500122070312,333.20001220703125,898.3499755859375,4874.64990234375,902.969970703125,527.6500244140625,925.5999755859375,759.3499755859375,1530.9749755859375,547.0999755859375
2021-08-24,688.2000122070312,349.5,917.6500244140625,4863.2001953125,917.47998046875,521.6500244140625,939.7999877929688,771.3499755859375,1528.2750244140625,548.9000244140625
2021-08-25,696.7000122070312,347.1499938964844,912.5999755859375,4856.5,909.7899780273438,519.7000122070312,940.7999877929688,769.0499877929688,1527.125,543.0
2021-08-26,699.0999755859375,341.0,911.2999877929688,4846.7001953125,900.7000122070312,512.8499755859375,937.4500122070312,760.5499877929688,1526.375,540.5999755859375
2021-08-27,710.0,346.70001220703125,923.9000244140625,4910.7001953125,920.1099853515625,516.5999755859375,940.0999755859375,771.7999877929688,1523.449951171875,550.5499877929688
2021-08-30,716.0499877929688,356.6000061035156,934.7000122070312,5104.25,935.5700073242188,528.25,952.5,787.2000122070312,1546.199951171875,555.0
2021-08-31,727.2999877929688,358.8500061035156,947.7999877929688,5173.60009765625,940.8099975585938,530.2999877929688,957.8499755859375,794.0499877929688,1552.949951171875,554.1500244140625
2021-09-01,729.9000244140625,354.70001220703125,922.8499755859375,5202.64990234375,952.6900024414062,532.0499877929688,962.25,788.5,1583.75,552.3499755859375
2021-09-02,746.8499755859375,358.6499938964844,955.25,5165.5498046875,971.9400024414062,538.4000244140625,967.7999877929688,789.9500122070312,1571.574951171875,556.5
2021-09-03,757.9000244140625,363.5,941.0999755859375,5208.2998046875,979.7100219726562,533.75,969.4500122070312,789.4000244140625,1594.824951171875,555.6500244140625
2021-09-06,754.75,361.5,950.2000122070312,5205.10009765625,983.1900024414062,535.8499755859375,981.9500122070312,784.25,1565.25,556.9000244140625
2021-09-07,746.2999877929688,356.75,950.5,5210.10009765625,979.489990234375,530.5,989.5999755859375,769.9000244140625,1547.2750244140625,553.8499755859375
2021-09-08,743.25,355.45001220703125,951.7999877929688,5085.0498046875,982.260009765625,520.1500244140625,982.1500244140625,777.4500122070312,1550.2750244140625,555.3499755859375
2021-09-09,741.75,352.75,949.2999877929688,5054.89990234375,982.4099731445312,524.5499877929688,981.7999877929688,776.2999877929688,1554.175048828125,558.0999755859375
2021-09-13,736.1500244140625,353.6000061035156,950.4500122070312,5085.2001953125,986.280029296875,518.7000122070312,984.0999755859375,780.2999877929688,1563.0250244140625,555.5499877929688
2021-09-14,748.0499877929688,355.70001220703125,953.1500244140625,5094.85009765625,986.1500244140625,531.5499877929688,982.6500244140625,781.4000244140625,1566.550048828125,560.8499755859375
2021-09-15,759.0,357.5,952.9500122070312,5158.89990234375,992.52001953125,535.9000244140625,989.3499755859375,780.6500244140625,1561.2249755859375,566.1500244140625
2021-09-16,754.75,376.75,954.0,5166.89990234375,986.3900146484375,535.4000244140625,968.0999755859375,781.0499877929688,1557.125,564.5
2021-09-17,746.2000122070312,377.3999938964844,954.0499877929688,5122.7998046875,976.9099731445312,518.8499755859375,950.9500122070312,769.9000244140625,1548.5999755859375,557.2000122070312
2021-09-20,712.4000244140625,360.3999938964844,938.0999755859375,5110.10009765625,954.989990234375,494.6000061035156,933.75,756.5,1528.925048828125,546.0
2021-09-21,726.4000244140625,367.25,956.0999755859375,5179.4501953125,970.72998046875,506.20001220703125,930.0999755859375,764.5,1521.800048828125,550.7999877929688
2021-09-22,731.0999755859375,367.54998779296875,963.5,5139.89990234375,969.27001953125,511.95001220703125,940.0,770.0999755859375,1542.75,561.1500244140625
2021-09-23,733.4500122070312,368.20001220703125,968.0999755859375,5212.10009765625,959.4600219726562,512.0,940.3499755859375,769.8499755859375,1550.5250244140625,567.25
2021-09-24,721.5499877929688,360.1499938964844,967.6500244140625,5108.5498046875,958.0700073242188,508.1000061035156,926.2000122070312,770.4500122070312,1550.050048828125,564.0499877929688
2021-09-27,722.0,358.1499938964844,962.7000122070312,4932.5498046875,958.3300170898438,503.6000061035156,936.1500244140625,763.0499877929688,1544.2750244140625,557.5
2021-09-28,725.0499877929688,361.95001220703125,971.0,4784.0498046875,966.6300048828125,497.04998779296875,948.9000244140625,775.0999755859375,1553.925048828125,544.3499755859375
2021-09-29,727.9500122070312,362.6000061035156,987.5999755859375,4806.4501953125,976.2000122070312,509.1000061035156,947.5499877929688,811.2999877929688,1567.425048828125,547.5999755859375
2021-09-30,724.7999877929688,362.70001220703125,983.5499877929688,4798.7001953125,976.1400146484375,510.45001220703125,951.5999755859375,818.25,1542.75,551.8499755859375
2021-10-01,717.2999877929688,365.29998779296875,986.2000122070312,4832.2998046875,991.1699829101562,513.1500244140625,966.4000244140625,826.5999755859375,1540.2750244140625,555.7000122070312
2021-10-04,732.1500244140625,364.8999938964844,957.5,5220.7001953125,1008.5399780273438,519.7999877929688,961.3499755859375,832.0,1564.7750244140625,562.1500244140625
2021-10-05,724.0,362.0,934.5499877929688,5217.85009765625,1006.9199829101562,519.7999877929688,963.75,820.5,1564.6500244140625,563.9500122070312
2021-10-06,715.3499755859375,356.3999938964844,913.4500122070312,5136.5498046875,991.3200073242188,504.75,947.1500244140625,800.5999755859375,1532.4749755859375,550.3499755859375
2021-10-07,719.5999755859375,359.75,916.0499877929688,5097.85009765625,978.219970703125,517.3499755859375,956.0499877929688,823.25,1537.125,549.75
2021-10-08,714.75,358.75,917.0999755859375,5071.2998046875,969.8400268554688,527.0999755859375,947.2999877929688,821.4000244140625,1537.6500244140625,549.7999877929688
2021-10-11,720.5499877929688,360.1000061035156,913.75,5143.0498046875,978.8699951171875,534.0,958.5,832.5499877929688,1583.5999755859375,548.4500122070312
2021-10-12,729.8499755859375,358.29998779296875,915.9500122070312,5225.89990234375,982.0599975585938,526.2999877929688,966.2999877929688,829.7000122070312,1556.7750244140625,541.4000244140625
2021-10-13,728.5499877929688,352.25,913.5,5248.89990234375,985.6900024414062,529.7999877929688,963.2999877929688,842.5499877929688,1563.675048828125,545.6500244140625
2021-10-14,727.1500244140625,347.6499938964844,911.3499755859375,5372.14990234375,991.739990234375,524.7999877929688,946.4500122070312,841.2999877929688,1565.199951171875,544.0999755859375
2021-10-18,718.25,342.5,903.75,5343.0498046875,975.5,519.0,936.4500122070312,835.9000244140625,1555.875,534.2999877929688
2021-10-19,712.5499877929688,344.3999938964844,906.2000122070312,5192.10009765625,960.3599853515625,515.6500244140625,938.4000244140625,827.3499755859375,1536.4749755859375,527.0999755859375
2021-10-20,701.7000122070312,341.75,905.9000244140625,5116.39990234375,950.780029296875,505.8999938964844,929.6500244140625,814.9000244140625,1491.125,517.2000122070312
2021-10-21,705.9000244140625,344.95001220703125,911.5499877929688,5193.64990234375,930.3300170898438,502.75,924.2999877929688,818.4000244140625,1506.2750244140625,510.6000061035156
2021-10-22,695.0499877929688,323.79998779296875,896.3499755859375,5073.39990234375,927.489990234375,493.1499938964844,919.2999877929688,812.5499877929688,1484.699951171875,502.3999938964844
2021-10-25,685.3499755859375,321.29998779296875,901.8499755859375,4995.9501953125,935.22998046875,485.95001220703125,928.1500244140625,813.2000122070312,1542.0,498.8999938964844
2021-10-26,703.5,333.54998779296875,907.5,5018.89990234375,933.239990234375,507.8999938964844,929.7999877929688,813.5,1472.125,508.79998779296875
2021-10-27,706.5999755859375,337.70001220703125,922.5,5149.35009765625,932.5399780273438,503.70001220703125,936.8499755859375,825.0999755859375,1410.7249755859375,509.20001220703125
2021-10-28,678.6500244140625,337.8500061035156,891.75,5121.14990234375,913.989990234375,494.5,881.75,807.5999755859375,1391.6500244140625,491.70001220703125
2021-10-29,689.3499755859375,351.1000061035156,905.0499877929688,5150.14990234375,931.8400268554688,503.8999938964844,922.9000244140625,795.0,1430.199951171875,502.79998779296875
2021-11-01,697.5999755859375,348.29998779296875,909.25,5228.2001953125,960.2899780273438,514.2999877929688,944.3499755859375,811.7999877929688,1439.699951171875,501.45001220703125
2021-11-02,691.2000122070312,345.54998779296875,903.4000244140625,5205.39990234375,949.219970703125,515.8499755859375,930.75,815.4000244140625,1419.5250244140625,495.5
2021-11-03,685.7999877929688,348.45001220703125,912.6500244140625,5140.14990234375,954.3300170898438,514.5,935.9000244140625,787.9500122070312,1402.125,490.5
2021-11-04,690.0499877929688,348.6499938964844,910.7000122070312,5208.0498046875,953.22998046875,523.4000244140625,934.25,795.4500122070312,1409.675048828125,490.5
2021-11-08,672.0,348.75,913.7000122070312,4896.7001953125,957.75,526.6500244140625,929.2999877929688,800.0,1451.375,494.5
2021-11-09,677.0,347.0,914.1500244140625,4951.2998046875,958.469970703125,524.5499877929688,937.3499755859375,801.3499755859375,1423.675048828125,498.3999938964844
2021-11-10,699.8499755859375,347.8999938964844,912.4500122070312,4905.75,965.8699951171875,520.7000122070312,942.0499877929688,811.0999755859375,1412.9749755859375,502.04998779296875
2021-11-11,686.5499877929688,346.6000061035156,904.9000244140625,4833.25,962.989990234375,514.8499755859375,935.6500244140625,794.8499755859375,1417.300048828125,491.95001220703125
2021-11-12,687.9000244140625,346.45001220703125,915.9500122070312,4843.7998046875,968.6500244140625,523.7999877929688,948.25,806.5,1395.675048828125,492.6000061035156
2021-11-15,695.75,361.75,938.1500244140625,4907.64990234375,974.72998046875,535.75,944.75,810.7000122070312,1397.324951171875,493.29998779296875
2021-11-16,686.7999877929688,369.3500061035156,921.75,4852.60009765625,963.52001953125,517.4500122070312,931.5,798.4500122070312,1394.5250244140625,480.6000061035156
2021-11-17,666.5499877929688,376.3999938964844,905.3499755859375,4763.85009765625,953.6599731445312,501.3999938964844,910.1500244140625,791.3499755859375,1417.199951171875,472.1000061035156
2021-11-18,639.5499877929688,366.95001220703125,892.2999877929688,4785.60009765625,934.2899780273438,482.6000061035156,898.7000122070312,790.6500244140625,1395.6500244140625,462.6499938964844
2021-11-22,627.5999755859375,357.8500061035156,895.4000244140625,4679.14990234375,921.52001953125,469.25,871.2999877929688,770.75,1376.574951171875,456.29998779296875
2021-11-23,650.9500122070312,365.79998779296875,910.5999755859375,4763.2998046875,926.3900146484375,516.7000122070312,883.0,785.2000122070312,1410.75,463.45001220703125
2021-11-24,658.8499755859375,359.79998779296875,893.4500122070312,4682.7001953125,919.6099853515625,519.75,894.7000122070312,778.9500122070312,1408.75,459.3500061035156
2021-11-25,668.9000244140625,362.5,899.9500122070312,4799.7998046875,918.3200073242188,529.2999877929688,899.25,782.9000244140625,1495.2750244140625,462.1000061035156
2021-11-26,678.5499877929688,362.79998779296875,966.7000122070312,4937.7998046875,950.1799926757812,532.2000122070312,915.3499755859375,767.2999877929688,1518.050048828125,473.20001220703125
2021-11-29,654.9000244140625,364.3999938964844,965.0,4921.35009765625,939.52001953125,512.75,893.0,751.0499877929688,1518.6500244140625,456.25
2021-11-30,660.25,360.3999938964844,971.2999877929688,4878.7998046875,935.1699829101562,523.7999877929688,884.4000244140625,753.5999755859375,1521.0250244140625,465.25
2021-12-01,662.5999755859375,370.70001220703125,928.1500244140625,4752.2001953125,921.27001953125,501.45001220703125,871.4000244140625,745.3499755859375,1487.824951171875,454.20001220703125
2021-12-02,673.5499877929688,367.5,921.25,4777.2998046875,932.5499877929688,505.45001220703125,875.5999755859375,766.25,1485.574951171875,460.54998779296875
2021-12-03,674.1500244140625,366.8500061035156,912.0499877929688,4757.0498046875,919.2999877929688,499.04998779296875,873.0,751.7999877929688,1490.9000244140625,460.45001220703125
2021-12-06,661.7999877929688,359.75,894.9500122070312,4646.7998046875,899.739990234375,493.29998779296875,858.25,737.1500244140625,1468.4749755859375,452.5
2021-12-07,673.3499755859375,360.20001220703125,889.25,4624.7998046875,904.1400146484375,494.79998779296875,866.1500244140625,743.7000122070312,1537.300048828125,449.20001220703125
2021-12-08,701.9500122070312,382.79998779296875,897.9500122070312,4604.9501953125,914.1400146484375,507.70001220703125,889.25,757.5499877929688,1568.949951171875,461.8999938964844
2021-12-09,705.25,372.95001220703125,894.5,4576.9501953125,918.8499755859375,507.75,887.5499877929688,759.75,1556.4000244140625,462.3999938964844
2021-12-10,704.3499755859375,372.20001220703125,893.9000244140625,4506.4501953125,918.6599731445312,525.7999877929688,883.9000244140625,761.3499755859375,1543.324951171875,467.5
2021-12-13,693.2000122070312,378.5,891.2999877929688,4530.39990234375,919.9600219726562,531.5999755859375,884.0,762.5999755859375,1537.5,464.75
2021-12-14,708.8499755859375,378.1499938964844,895.5999755859375,4654.39990234375,929.3099975585938,518.2999877929688,943.0499877929688,756.0499877929688,1560.2750244140625,467.6000061035156
2021-12-15,692.9500122070312,375.3999938964844,895.7000122070312,4588.7001953125,920.0599975585938,502.8500061035156,918.8499755859375,775.0999755859375,1557.2750244140625,465.5
2021-12-16,683.7000122070312,363.1499938964844,881.0,4601.4501953125,919.469970703125,498.04998779296875,903.4000244140625,764.4500122070312,1546.0250244140625,463.95001220703125
2021-12-17,679.5999755859375,353.25,860.2000122070312,4511.4501953125,903.5900268554688,482.6499938964844,874.8499755859375,768.9500122070312,1540.6500244140625,459.5
2021-12-20,686.5499877929688,350.79998779296875,893.7999877929688,4408.4501953125,912.1400146484375,491.1000061035156,875.1500244140625,763.9500122070312,1533.925048828125,445.20001220703125
2021-12-21,693.75,350.75,886.75,4405.7001953125,924.1799926757812,488.70001220703125,875.75,778.5499877929688,1536.675048828125,455.1000061035156
2021-12-22,718.0999755859375,360.1000061035156,889.7000122070312,4563.5,929.7000122070312,498.0,902.3499755859375,797.5,1540.9000244140625,466.79998779296875
2021-12-23,723.0999755859375,374.3500061035156,909.75,4478.5,938.9600219726562,504.45001220703125,912.4500122070312,792.4500122070312,1581.25,465.0
2021-12-24,708.4500122070312,354.45001220703125,908.2999877929688,4447.25,927.72998046875,495.3999938964844,897.75,785.4000244140625,1523.0999755859375,453.29998779296875
2021-12-27,726.0999755859375,356.45001220703125,930.25,4473.2001953125,947.3800048828125,509.6499938964844,916.4500122070312,794.0999755859375,1574.375,458.25
2021-12-28,725.25,355.95001220703125,933.2999877929688,4525.35009765625,948.760009765625,513.2999877929688,916.5999755859375,815.0999755859375,1571.199951171875,458.20001220703125
2021-12-29,727.0499877929688,361.6499938964844,935.5499877929688,4621.60009765625,966.6300048828125,518.0999755859375,929.5999755859375,838.7999877929688,1592.8499755859375,469.25
2021-12-30,723.5,361.3999938964844,952.75,4627.89990234375,980.9400024414062,524.8499755859375,937.8499755859375,834.4500122070312,1595.4749755859375,479.45001220703125
2021-12-31,734.3499755859375,364.6499938964844,944.0999755859375,4678.2001953125,981.4000244140625,528.5499877929688,950.75,845.7000122070312,1639.2249755859375,483.1499938964844
2022-01-03,732.0999755859375,362.75,930.5,4651.25,970.6300048828125,525.25,945.25,848.9500122070312,1626.050048828125,477.25
2022-01-04,722.25,364.3999938964844,924.25,4621.7001953125,967.0900268554688,517.0,932.3499755859375,837.7000122070312,1604.425048828125,464.6499938964844
2022-01-05,721.2999877929688,363.3500061035156,928.5499877929688,4558.4501953125,958.0800170898438,519.3499755859375,932.0499877929688,835.0999755859375,1599.9749755859375,458.75
2022-01-06,717.9500122070312,360.3500061035156,922.0,4489.14990234375,947.8900146484375,515.0499877929688,923.1500244140625,829.5999755859375,1579.425048828125,457.1000061035156
2022-01-07,710.0,358.5,914.75,4516.7001953125,941.6799926757812,510.6499938964844,916.0499877929688,828.9500122070312,1570.25,450.5
2022-01-10,737.2999877929688,358.1499938964844,916.2000122070312,4465.7998046875,939.8099975585938,519.0,938.2999877929688,826.7000122070312,1572.175048828125,453.75
2022-01-11,719.7000122070312,358.6499938964844,915.9500122070312,4516.5498046875,933.8499755859375,520.1500244140625,946.0499877929688,832.4000244140625,1562.9000244140625,445.75
2022-01-12,716.9000244140625,364.8500061035156,906.2000122070312,4492.89990234375,938.6799926757812,515.3499755859375,952.8499755859375,836.2000122070312,1579.949951171875,443.3999938964844
2022-01-13,717.5999755859375,370.25,924.0499877929688,4590.0498046875,945.1900024414062,521.2999877929688,958.9500122070312,865.5,1594.5999755859375,447.25
2022-01-14,695.1500244140625,357.70001220703125,921.5,4616.60009765625,937.8400268554688,516.0,951.7999877929688,859.75,1597.0999755859375,442.1000061035156
2022-01-17,685.7999877929688,357.1000061035156,910.2000122070312,4630.35009765625,934.47998046875,516.9500122070312,942.5499877929688,853.2000122070312,1595.5,438.04998779296875
2022-01-18,668.7999877929688,348.70001220703125,902.1500244140625,4527.14990234375,938.7100219726562,495.20001220703125,943.7000122070312,846.7000122070312,1593.4000244140625,422.04998779296875
2022-01-19,670.5,367.3500061035156,895.6500244140625,4481.5,936.989990234375,498.1499938964844,959.4500122070312,838.5,1600.574951171875,423.70001220703125
2022-01-20,661.2000122070312,364.20001220703125,882.3499755859375,4329.75,918.3099975585938,497.3500061035156,939.5,820.0,1602.4000244140625,418.3999938964844
2022-01-21,655.4500122070312,377.1000061035156,867.4500122070312,4179.39990234375,899.22998046875,482.95001220703125,903.4000244140625,808.75,1582.574951171875,410.3999938964844
2022-01-24,609.7000122070312,372.79998779296875,892.0999755859375,4056.60009765625,872.8699951171875,471.95001220703125,922.0,800.8499755859375,1558.925048828125,397.20001220703125
2022-01-25,616.8499755859375,374.29998779296875,905.6500244140625,4049.199951171875,880.5700073242188,486.04998779296875,915.9500122070312,808.0499877929688,1580.5,395.6499938964844
2022-01-27,608.7999877929688,359.3999938964844,927.5999755859375,3939.85009765625,851.27001953125,476.3500061035156,888.0999755859375,812.0999755859375,1341.75,384.3999938964844
2022-01-28,623.9000244140625,364.1000061035156,932.25,3940.699951171875,843.719970703125,487.6000061035156,899.75,827.3499755859375,1328.824951171875,396.0
2022-01-31,634.4500122070312,367.1000061035156,945.0,4036.10009765625,860.5599975585938,486.54998779296875,908.0999755859375,834.5,1335.7249755859375,406.5
2022-02-01,657.5,376.1499938964844,946.4000244140625,4108.35009765625,861.8900146484375,494.45001220703125,904.0499877929688,891.75,1339.324951171875,406.70001220703125
2022-02-02,673.8499755859375,387.25,951.7999877929688,4219.64990234375,883.0700073242188,502.8999938964844,913.5499877929688,890.6500244140625,1369.2750244140625,414.5
2022-02-03,670.75,392.70001220703125,952.75,4262.4501953125,874.9299926757812,495.75,900.0,883.5499877929688,1353.675048828125,407.70001220703125
2022-02-04,662.5999755859375,391.6499938964844,946.0999755859375,4304.5,870.3900146484375,491.0,872.2000122070312,893.9500122070312,1341.449951171875,409.25
2022-02-07,649.75,399.29998779296875,933.2999877929688,4201.5,861.8400268554688,489.79998779296875,804.7000122070312,887.0499877929688,1307.175048828125,397.3500061035156
2022-02-08,650.0999755859375,404.6000061035156,948.0499877929688,4277.5498046875,864.3900146484375,484.95001220703125,787.5999755859375,894.0999755859375,1300.1500244140625,400.75
2022-02-09,656.0499877929688,407.25,968.25,4329.4501953125,873.75,501.75,800.9500122070312,886.4500122070312,1300.574951171875,405.5
2022-02-10,684.4000244140625,403.70001220703125,975.0499877929688,4313.75,874.1400146484375,501.45001220703125,806.3499755859375,894.2999877929688,1298.574951171875,401.29998779296875
2022-02-11,700.0499877929688,402.8999938964844,958.5,4291.25,865.0800170898438,489.5,798.0999755859375,880.0999755859375,1295.300048828125,392.3500061035156
2022-02-14,680.4000244140625,393.54998779296875,954.9000244140625,4277.89990234375,840.9199829101562,478.29998779296875,761.3499755859375,864.8499755859375,1275.5999755859375,382.6499938964844
2022-02-15,692.4500122070312,403.8999938964844,921.8499755859375,4325.7998046875,855.510009765625,485.54998779296875,764.2000122070312,876.7999877929688,1296.449951171875,387.20001220703125
2022-02-16,690.0999755859375,401.8500061035156,933.0999755859375,4465.14990234375,863.2899780273438,487.20001220703125,777.4000244140625,868.8499755859375,1313.4749755859375,384.6000061035156
2022-02-17,674.6500244140625,395.70001220703125,928.2000122070312,4442.2001953125,860.2000122070312,476.3500061035156,772.2999877929688,862.5499877929688,1296.2249755859375,382.8999938964844
2022-02-18,657.0,392.70001220703125,909.0999755859375,4353.39990234375,864.22998046875,470.29998779296875,767.75,862.9000244140625,1331.9749755859375,376.54998779296875
2022-02-21,639.0499877929688,387.5,907.25,4258.2998046875,859.6500244140625,455.6000061035156,760.75,843.8499755859375,1327.449951171875,371.1499938964844
2022-02-22,637.5499877929688,384.29998779296875,913.4000244140625,4224.7998046875,843.7000122070312,441.54998779296875,752.2000122070312,845.7999877929688,1350.199951171875,366.45001220703125
2022-02-23,637.0499877929688,395.45001220703125,914.9000244140625,4181.60009765625,840.1900024414062,452.5,756.0,840.25,1369.074951171875,371.70001220703125
2022-02-24,605.4500122070312,374.1499938964844,895.7999877929688,3936.64990234375,818.5,429.79998779296875,713.2000122070312,818.25,1334.5,344.75
2022-02-25,625.0499877929688,394.54998779296875,923.6500244140625,4138.35009765625,835.3200073242188,452.04998779296875,741.9500122070312,831.5499877929688,1352.8499755859375,356.04998779296875
2022-02-28,625.25,348.8500061035156,925.0499877929688,4265.0,812.6799926757812,448.5,745.8499755859375,843.9000244140625,1374.949951171875,360.3999938964844
2022-03-02,620.1500244140625,344.8500061035156,923.0999755859375,4160.89990234375,770.6300048828125,444.75,728.1500244140625,820.9000244140625,1386.074951171875,355.04998779296875
2022-03-03,618.4500122070312,340.04998779296875,934.9000244140625,4160.4501953125,743.77001953125,440.95001220703125,719.5,820.9000244140625,1400.425048828125,351.6000061035156
2022-03-04,609.3499755859375,328.20001220703125,931.2000122070312,4094.699951171875,765.72998046875,426.8999938964844,704.3499755859375,829.6500244140625,1370.25,345.95001220703125
2022-03-07,608.9500122070312,330.0,941.1500244140625,4074.949951171875,753.8800048828125,435.54998779296875,700.7999877929688,822.6500244140625,1349.2750244140625,342.1000061035156
2022-03-08,625.7999877929688,334.45001220703125,969.5499877929688,4164.25,773.7100219726562,437.45001220703125,708.4000244140625,855.0,1372.5,344.5
2022-03-09,635.25,337.79998779296875,981.5499877929688,4234.0498046875,786.0900268554688,441.1499938964844,739.4000244140625,868.25,1387.300048828125,359.3500061035156
2022-03-10,630.4000244140625,333.20001220703125,987.0499877929688,4300.89990234375,778.5,445.54998779296875,739.5499877929688,869.5499877929688,1384.5999755859375,365.75
2022-03-11,642.25,331.95001220703125,1043.949951171875,4339.39990234375,795.1199951171875,453.29998779296875,747.9000244140625,902.0,1411.625,370.6499938964844
2022-03-14,631.2999877929688,328.70001220703125,1048.6500244140625,4393.7998046875,791.4600219726562,447.04998779296875,745.2000122070312,892.25,1414.5,365.3500061035156
2022-03-15,621.75,327.45001220703125,1068.050048828125,4386.25,779.969970703125,444.04998779296875,737.9500122070312,891.6500244140625,1435.300048828125,369.6000061035156
2022-03-16,637.5,329.20001220703125,1055.800048828125,4402.25,788.760009765625,446.8500061035156,749.5999755859375,889.2000122070312,1425.0,375.1499938964844
2022-03-17,640.3499755859375,331.45001220703125,1048.5,4504.35009765625,808.4299926757812,443.8500061035156,765.3499755859375,911.5999755859375,1437.300048828125,373.29998779296875
2022-03-21,679.4000244140625,329.79998779296875,1050.300048828125,4456.25,800.989990234375,455.75,755.1500244140625,913.7999877929688,1381.800048828125,366.3999938964844
2022-03-22,687.5,334.70001220703125,1032.5999755859375,4448.5498046875,806.0700073242188,450.04998779296875,757.25,914.0999755859375,1381.0999755859375,360.1000061035156
2022-03-23,692.5,337.20001220703125,1014.4500122070312,4553.5498046875,825.4600219726562,453.75,746.2999877929688,900.7999877929688,1415.550048828125,367.79998779296875
2022-03-24,721.1500244140625,342.29998779296875,1029.0,4494.64990234375,865.7000122070312,464.1000061035156,774.5999755859375,908.8499755859375,1414.199951171875,367.1000061035156
2022-03-25,717.5999755859375,348.8999938964844,1013.5,4454.14990234375,872.2899780273438,457.54998779296875,756.3499755859375,902.3499755859375,1371.574951171875,359.1499938964844
2022-03-28,706.75,345.70001220703125,1017.0999755859375,4416.5498046875,857.0900268554688,446.20001220703125,752.4000244140625,905.9000244140625,1364.1500244140625,353.04998779296875
2022-03-29,692.9500122070312,343.45001220703125,1038.8499755859375,4561.60009765625,864.7100219726562,452.3999938964844,761.5,919.3499755859375,1404.949951171875,356.0
2022-03-30,675.5999755859375,341.54998779296875,1028.949951171875,4538.60009765625,870.8800048828125,449.6499938964844,749.0999755859375,920.5999755859375,1414.175048828125,355.8500061035156
2022-03-31,668.5499877929688,335.6000061035156,1018.0499877929688,4402.0498046875,859.0900268554688,442.0,747.0499877929688,914.75,1395.9749755859375,348.5
2022-04-01,682.3499755859375,341.8999938964844,1014.8499755859375,4379.7001953125,855.8900146484375,452.3500061035156,765.5,908.7000122070312,1393.3499755859375,354.3999938964844
2022-04-04,692.4000244140625,346.45001220703125,1027.800048828125,4497.60009765625,863.4299926757812,460.25,790.5499877929688,926.0499877929688,1415.324951171875,363.3999938964844
2022-04-05,705.4000244140625,347.29998779296875,1021.4500122070312,4461.2001953125,865.97998046875,470.1499938964844,776.2000122070312,929.0999755859375,1393.125,365.45001220703125
2022-04-06,704.2999877929688,350.29998779296875,1029.0,4386.89990234375,855.3499755859375,475.1000061035156,772.7999877929688,928.0999755859375,1366.625,369.5
2022-04-07,698.8499755859375,353.3500061035156,1036.699951171875,4448.4501953125,863.47998046875,477.1000061035156,784.5999755859375,930.9500122070312,1376.25,369.1499938964844
2022-04-08,700.7000122070312,355.0,1011.5999755859375,4505.9501953125,886.0700073242188,479.1499938964844,782.0499877929688,924.5999755859375,1400.9000244140625,369.25
2022-04-11,698.0999755859375,351.3500061035156,1025.5,4503.7998046875,876.0999755859375,478.04998779296875,785.5,925.4000244140625,1396.800048828125,371.95001220703125
2022-04-12,681.1500244140625,349.1499938964844,1027.25,4473.39990234375,874.469970703125,475.20001220703125,773.5999755859375,921.2999877929688,1403.375,363.3500061035156
2022-04-13,683.75,350.70001220703125,1016.5999755859375,4499.25,859.8400268554688,477.79998779296875,773.0,936.75,1424.75,364.79998779296875
2022-04-18,673.7000122070312,343.20001220703125,1027.8499755859375,4524.89990234375,856.989990234375,467.95001220703125,770.1500244140625,927.5,1426.8499755859375,364.8999938964844
2022-04-19,662.1500244140625,337.95001220703125,1000.2999877929688,4411.39990234375,841.9400024414062,459.45001220703125,769.5,922.0,1420.175048828125,356.3500061035156
2022-04-20,670.6500244140625,352.54998779296875,1012.0499877929688,4455.64990234375,858.6799926757812,457.25,777.2000122070312,923.5,1429.824951171875,360.95001220703125
2022-04-21,674.0,373.95001220703125,998.5499877929688,4529.0498046875,864.0599975585938,453.6000061035156,782.4500122070312,944.0999755859375,1414.9749755859375,361.54998779296875
2022-04-22,666.7000122070312,375.54998779296875,967.0,4492.5,838.5499877929688,443.54998779296875,754.2000122070312,924.7999877929688,1368.7750244140625,352.29998779296875
2022-04-25,638.9000244140625,380.8500061035156,953.1500244140625,4410.10009765625,823.0900268554688,427.04998779296875,725.4000244140625,900.0,1366.1500244140625,341.1499938964844
2022-04-26,638.0999755859375,380.04998779296875,978.4000244140625,4519.60009765625,830.9099731445312,435.75,758.5999755859375,918.0499877929688,1367.5250244140625,349.45001220703125
2022-04-27,629.0499877929688,381.95001220703125,977.75,4530.60009765625,815.4099731445312,436.1499938964844,742.5999755859375,906.0999755859375,1354.800048828125,345.20001220703125
2022-04-28,633.4000244140625,376.75,981.2000122070312,4564.60009765625,824.4299926757812,439.20001220703125,748.6500244140625,921.0,1392.550048828125,353.8999938964844
2022-04-29,629.0499877929688,368.45001220703125,981.2000122070312,4505.39990234375,826.3900146484375,439.54998779296875,744.6500244140625,928.6500244140625,1407.175048828125,352.1000061035156
2022-05-02,642.5,372.79998779296875,976.5999755859375,4509.64990234375,824.780029296875,437.45001220703125,741.8499755859375,923.4000244140625,1396.25,350.1499938964844
2022-05-04,624.6500244140625,367.04998779296875,957.5499877929688,4344.14990234375,798.469970703125,421.04998779296875,726.75,900.9000244140625,1346.125,339.1499938964844
2022-05-05,625.3499755859375,362.1000061035156,948.4000244140625,4365.7998046875,792.760009765625,418.54998779296875,726.3499755859375,878.1500244140625,1341.7249755859375,340.6499938964844
2022-05-06,612.9500122070312,348.0,934.75,4165.85009765625,786.1300048828125,410.75,723.8499755859375,883.2999877929688,1325.425048828125,338.20001220703125
2022-05-09,614.2999877929688,338.54998779296875,938.2999877929688,4231.10009765625,781.1599731445312,415.70001220703125,733.0499877929688,885.4000244140625,1298.5999755859375,335.8500061035156
2022-05-10,603.0999755859375,330.79998779296875,926.1500244140625,4296.35009765625,782.7999877929688,404.1499938964844,714.4500122070312,861.8499755859375,1289.574951171875,330.1000061035156
2022-05-11,584.4000244140625,334.25,937.5999755859375,4293.7998046875,776.8099975585938,403.5,716.7999877929688,854.7999877929688,1276.449951171875,331.70001220703125
2022-05-12,570.75,327.95001220703125,920.75,4233.39990234375,776.0,390.54998779296875,694.1500244140625,850.0,1252.199951171875,333.3999938964844
2022-05-13,562.5499877929688,326.1499938964844,934.5999755859375,4281.10009765625,784.8599853515625,393.8500061035156,696.3499755859375,882.5,1291.300048828125,340.8500061035156
2022-05-16,551.0999755859375,319.8999938964844,933.4000244140625,4218.10009765625,777.6799926757812,392.6000061035156,685.0499877929688,885.5999755859375,1290.625,345.1000061035156
2022-05-17,535.6500244140625,330.45001220703125,938.0,4303.35009765625,780.7999877929688,402.3999938964844,690.9000244140625,891.75,1309.050048828125,349.04998779296875
2022-05-18,559.5999755859375,337.8500061035156,957.0999755859375,4366.7001953125,781.1599731445312,406.29998779296875,683.2999877929688,899.1500244140625,1318.4749755859375,347.3999938964844
2022-05-19,522.8499755859375,322.5,938.0,4199.2001953125,785.8900146484375,392.6499938964844,634.8499755859375,884.5999755859375,1296.1500244140625,338.75
2022-05-20,557.9500122070312,340.0,978.4000244140625,4304.7998046875,849.8200073242188,407.5,638.4000244140625,915.6500244140625,1332.3499755859375,356.8500061035156
2022-05-23,558.7999877929688,338.04998779296875,970.0499877929688,3897.89990234375,854.989990234375,404.1499938964844,618.5,922.0499877929688,1308.2750244140625,362.5
2022-05-24,538.5499877929688,329.3999938964844,970.4000244140625,3661.699951171875,869.4199829101562,394.95001220703125,600.8499755859375,909.9000244140625,1294.5999755859375,368.1000061035156
2022-05-25,523.0999755859375,324.20001220703125,971.8499755859375,3519.35009765625,861.489990234375,386.54998779296875,590.25,911.2000122070312,1317.4000244140625,366.3500061035156
2022-05-26,535.8499755859375,325.3999938964844,964.5499877929688,3448.699951171875,860.8300170898438,393.6499938964844,600.5,899.9500122070312,1450.4749755859375,373.3999938964844
2022-05-27,529.7000122070312,333.0,966.3499755859375,3514.699951171875,878.0999755859375,397.8999938964844,605.75,903.9000244140625,1468.4749755859375,373.8999938964844
2022-05-30,528.1500244140625,334.04998779296875,986.7999877929688,3566.5,874.0599975585938,409.45001220703125,612.9000244140625,888.2999877929688,1442.625,377.6000061035156
2022-05-31,530.7999877929688,334.1000061035156,992.9500122070312,3591.300048828125,873.9299926757812,393.54998779296875,618.5999755859375,860.5999755859375,1416.300048828125,378.3500061035156
2022-06-01,540.7000122070312,327.70001220703125,983.5499877929688,3555.14990234375,863.7999877929688,388.8999938964844,607.9500122070312,839.25,1408.2249755859375,372.6499938964844
2022-06-02,532.9500122070312,322.8999938964844,987.0999755859375,3524.35009765625,866.6300048828125,389.1000061035156,612.7000122070312,859.5499877929688,1407.6500244140625,365.3500061035156
2022-06-03,528.4000244140625,320.29998779296875,960.9500122070312,3478.300048828125,868.0,389.1499938964844,611.1500244140625,865.0999755859375,1390.1500244140625,363.20001220703125
2022-06-06,522.5,318.70001220703125,976.0499877929688,3499.64990234375,861.1500244140625,392.54998779296875,605.4500122070312,859.7999877929688,1390.675048828125,364.70001220703125
2022-06-07,516.2999877929688,316.75,972.75,3501.25,828.7899780273438,380.1000061035156,609.6500244140625,848.25,1394.925048828125,357.1499938964844
2022-06-08,522.9000244140625,320.54998779296875,962.9500122070312,3495.300048828125,839.8300170898438,395.3999938964844,613.2000122070312,847.25,1407.4749755859375,359.1499938964844
2022-06-09,529.8499755859375,337.1499938964844,971.9500122070312,3507.199951171875,864.5800170898438,395.6000061035156,618.4000244140625,858.8499755859375,1444.550048828125,361.3500061035156
2022-06-10,533.5999755859375,339.0,966.7999877929688,3528.050048828125,870.3099975585938,388.45001220703125,618.6500244140625,845.7000122070312,1432.125,358.8999938964844
2022-06-13,516.7999877929688,331.04998779296875,954.75,3474.14990234375,853.4400024414062,375.3999938964844,612.25,829.5,1417.0999755859375,351.75
2022-06-14,535.75,326.45001220703125,964.7000122070312,3525.64990234375,862.2100219726562,382.0,609.3499755859375,825.0499877929688,1407.574951171875,351.79998779296875
2022-06-15,538.8499755859375,325.5,968.7999877929688,3581.10009765625,867.0999755859375,382.1499938964844,613.7000122070312,822.2999877929688,1408.875,352.6499938964844
2022-06-16,522.7000122070312,321.75,940.9500122070312,3564.89990234375,857.5,363.79998779296875,603.0,814.5999755859375,1399.5250244140625,343.20001220703125
2022-06-17,515.75,314.1000061035156,914.75,3481.949951171875,829.3400268554688,362.6000061035156,597.5999755859375,793.4000244140625,1378.949951171875,335.70001220703125
2022-06-20,509.75,316.1000061035156,925.8499755859375,3533.550048828125,830.3599853515625,352.45001220703125,606.7999877929688,805.2999877929688,1383.175048828125,334.5
2022-06-21,534.0499877929688,325.0,938.2000122070312,3599.5,853.72998046875,372.6000061035156,629.8499755859375,817.4500122070312,1411.800048828125,346.1000061035156
2022-06-22,518.5,314.0,916.9000244140625,3599.60009765625,852.1799926757812,367.3500061035156,613.1500244140625,809.2999877929688,1409.0250244140625,342.79998779296875
2022-06-23,517.5,326.6499938964844,933.3499755859375,3666.300048828125,858.97998046875,376.8999938964844,628.7999877929688,824.9000244140625,1427.699951171875,346.3999938964844
2022-06-24,526.5,326.95001220703125,933.7000122070312,3681.0,861.9299926757812,384.1499938964844,629.4000244140625,824.5999755859375,1434.625,353.3500061035156
2022-06-27,521.25,319.95001220703125,932.3499755859375,3673.449951171875,864.1099853515625,385.79998779296875,630.0,835.6500244140625,1431.324951171875,353.8999938964844
2022-06-28,521.3499755859375,315.95001220703125,945.0999755859375,3613.449951171875,874.9199829101562,387.3999938964844,633.4500122070312,828.5999755859375,1441.875,357.75
2022-06-29,514.4500122070312,310.20001220703125,947.6500244140625,3583.35009765625,872.8699951171875,389.25,620.6500244140625,838.7000122070312,1420.0250244140625,356.29998779296875
2022-06-30,513.0999755859375,308.3999938964844,917.2000122070312,3630.39990234375,878.760009765625,386.3500061035156,610.9500122070312,830.5999755859375,1430.125,357.0
2022-07-01,522.4500122070312,311.54998779296875,949.2999877929688,3637.550048828125,877.1799926757812,394.1000061035156,628.2999877929688,829.25,1458.4749755859375,361.29998779296875
